,Product image,Product Name,Original Price,Discount_per,Discount Price,Color,Rating Review,Promo
0,,,,,,,,
1,https://rukminim2.flixcart.com/image/612/612/xif0q/bed-mattress/j/n/t/-original-imagyywybsayskpe.jpeg?q=70,Flipkart Perfect Homes Sweet Dream Dual - Hard & Soft 4...,"₹5,143",40% off,"₹3,063",L x W: 72 inch x 48 inch,"3.9(2,251)",Hot Deal
2,https://rukminim2.flixcart.com/image/612/612/xif0q/bed-mattress/e/p/q/normal-top-queen-8-60-72-original-bodyiq-orthopedic-memory-high-original-imah9a2ggqqakz2u.jpeg?q=70,Sleepyhead Original - BodyIQ Orthopedic Memory 6 inch Q...,"₹17,599",41% off,"₹10,299",L x W: 75 inch x 60 inch,"4.3(47,918)",Hot Deal
3,https://rukminim2.flixcart.com/image/612/612/xif0q/bed-mattress/s/p/b/-original-imagyywys9agqpvu.jpeg?q=70,Flipkart Perfect Homes ECOFIT 4 inch Single High Densit...,"₹4,615",52% off,"₹2,194",L x W: 78 inch x 30 inch,"3.6(1,423)",Lowest price in the year
4,https://rukminim2.flixcart.com/image/612/612/xif0q/bed-mattress/c/m/f/-original-imags7p6hvqgberz.jpeg?q=70,Flipkart Perfect Homes Dual Comfort Hard & Soft 4 inch ...,"₹7,359",33% off,"₹4,907",L x W: 75 inch x 48 inch,"4(1,737)",Hot Deal
5,https://rukminim2.flixcart.com/image/612/612/xif0q/bed-mattress/k/m/b/-original-imagyywydrzk5kew.jpeg?q=70,Flipkart Perfect Homes Euro Top Dual - Hard & Soft Sing...,"₹5,480",46% off,"₹2,959",L x W: 72 inch x 36 inch,3.7(267),Lowest price in the year
6,https://rukminim2.flixcart.com/image/612/612/xif0q/bed-mattress/o/y/g/normal-top-king-5-70-78-bookfold-orthopedic-high-density-folding-original-imah8mp29kpw93he.jpeg?q=70,Flipkart Perfect Homes Bookfold Orthopedic High Density...,"₹18,478",43% off,"₹10,408",L x W: 78 inch x 72 inch,"4.2(1,244)",Hot Deal
7,https://rukminim2.flixcart.com/image/612/612/xif0q/bed-mattress/z/o/u/normal-top-single-2-hr-folding-mattress-tri-fold-foldable-travel-original-imah9yshcyabtpvr.jpeg?q=70,MezzaNine HR Folding Mattress | Tri Fold Foldable | Tra...,"₹6,945",62% off,"₹2,625",L x W: 72 inch x 35 inch,2.3(4),Bank Offer
8,https://rukminim2.flixcart.com/image/612/612/xif0q/bed-mattress/z/w/f/normal-top-double-6-48-72-hybrid-3-layered-latex-orthopedic-5-original-imah4w83utgprhna.jpeg?q=70,SleepyCat Hybrid 3-Layered Latex Orthopedic 5-zone supp...,"₹14,999",20% off,"₹11,999",L x W: 75 inch x 48 inch,"4.3(3,500)",Hot Deal
9,https://rukminim2.flixcart.com/image/612/612/xif0q/bed-mattress/c/3/c/normal-top-double-8-48-72-ortho-curvx-comfortscience-foam-with-original-imahawrbbqngvtkk.jpeg?q=70,Livpure Smart ORTHO CURVX ComfortScience foam with SPIN...,"₹25,144",59% off,"₹10,069",L x W: 72 inch x 60 inch,"4.1(2,348)",Hot Deal
10,https://rukminim2.flixcart.com/image/612/612/xif0q/bed-mattress/q/z/s/normal-top-single-2-35-72-4-fold-cotton-cotton-morofeel-original-imah9wpnzhmy6s4c.jpeg?q=70,MOROFEEL 4 Fold 2 inch Single Cotton Mattress,"₹1,699",23% off,"₹1,299",L x W: 72 inch x 35 inch,3.5(661),Bank Offer
11,,,,,,,,
12,,,,,,,,
13,,,,,,,,
14,https://rukminim2.flixcart.com/image/612/612/xif0q/bed-mattress/j/n/t/-original-imagyywybsayskpe.jpeg?q=70,Flipkart Perfect Homes Sweet Dream Dual - Hard & Soft 4...,"₹5,143",40% off,"₹3,063",L x W: 72 inch x 48 inch,"3.9(2,251)",Hot Deal
15,https://rukminim2.flixcart.com/image/612/612/xif0q/bed-mattress/e/p/q/normal-top-queen-8-60-72-original-bodyiq-orthopedic-memory-high-original-imah9a2ggqqakz2u.jpeg?q=70,Sleepyhead Original - BodyIQ Orthopedic Memory 6 inch Q...,"₹17,599",41% off,"₹10,299",L x W: 75 inch x 60 inch,"4.3(47,918)",Hot Deal
16,https://rukminim2.flixcart.com/image/612/612/xif0q/bed-mattress/s/p/b/-original-imagyywys9agqpvu.jpeg?q=70,Flipkart Perfect Homes ECOFIT 4 inch Single High Densit...,"₹4,615",52% off,"₹2,194",L x W: 78 inch x 30 inch,"3.6(1,423)",Lowest price in the year
17,https://rukminim2.flixcart.com/image/612/612/xif0q/bed-mattress/c/m/f/-original-imags7p6hvqgberz.jpeg?q=70,Flipkart Perfect Homes Dual Comfort Hard & Soft 4 inch ...,"₹7,359",33% off,"₹4,907",L x W: 75 inch x 48 inch,"4(1,737)",Hot Deal
18,https://rukminim2.flixcart.com/image/612/612/xif0q/bed-mattress/k/m/b/-original-imagyywydrzk5kew.jpeg?q=70,Flipkart Perfect Homes Euro Top Dual - Hard & Soft Sing...,"₹5,480",46% off,"₹2,959",L x W: 72 inch x 36 inch,3.7(267),Lowest price in the year
19,https://rukminim2.flixcart.com/image/612/612/xif0q/bed-mattress/o/y/g/normal-top-king-5-70-78-bookfold-orthopedic-high-density-folding-original-imah8mp29kpw93he.jpeg?q=70,Flipkart Perfect Homes Bookfold Orthopedic High Density...,"₹18,478",43% off,"₹10,408",L x W: 78 inch x 72 inch,"4.2(1,244)",Hot Deal
20,https://rukminim2.flixcart.com/image/612/612/xif0q/bed-mattress/z/o/u/normal-top-single-2-hr-folding-mattress-tri-fold-foldable-travel-original-imah9yshcyabtpvr.jpeg?q=70,MezzaNine HR Folding Mattress | Tri Fold Foldable | Tra...,"₹6,945",62% off,"₹2,625",L x W: 72 inch x 35 inch,2.3(4),Bank Offer
21,https://rukminim2.flixcart.com/image/612/612/xif0q/bed-mattress/z/w/f/normal-top-double-6-48-72-hybrid-3-layered-latex-orthopedic-5-original-imah4w83utgprhna.jpeg?q=70,SleepyCat Hybrid 3-Layered Latex Orthopedic 5-zone supp...,"₹14,999",20% off,"₹11,999",L x W: 75 inch x 48 inch,"4.3(3,500)",Hot Deal
22,https://rukminim2.flixcart.com/image/612/612/xif0q/bed-mattress/c/3/c/normal-top-double-8-48-72-ortho-curvx-comfortscience-foam-with-original-imahawrbbqngvtkk.jpeg?q=70,Livpure Smart ORTHO CURVX ComfortScience foam with SPIN...,"₹25,144",59% off,"₹10,069",L x W: 72 inch x 60 inch,"4.1(2,348)",Hot Deal
23,https://rukminim2.flixcart.com/image/612/612/xif0q/bed-mattress/q/z/s/normal-top-single-2-35-72-4-fold-cotton-cotton-morofeel-original-imah9wpnzhmy6s4c.jpeg?q=70,MOROFEEL 4 Fold 2 inch Single Cotton Mattress,"₹1,699",23% off,"₹1,299",L x W: 72 inch x 35 inch,3.5(661),Bank Offer
24,,,,,,,,
25,,,,,,,,
26,,,,,,,,
27,https://rukminim2.flixcart.com/image/612/612/xif0q/bed-mattress/j/n/t/-original-imagyywybsayskpe.jpeg?q=70,Flipkart Perfect Homes Sweet Dream Dual - Hard & Soft 4...,"₹5,143",40% off,"₹3,063",L x W: 72 inch x 48 inch,"3.9(2,251)",Hot Deal
28,https://rukminim2.flixcart.com/image/612/612/xif0q/bed-mattress/e/p/q/normal-top-queen-8-60-72-original-bodyiq-orthopedic-memory-high-original-imah9a2ggqqakz2u.jpeg?q=70,Sleepyhead Original - BodyIQ Orthopedic Memory 6 inch Q...,"₹17,599",41% off,"₹10,299",L x W: 75 inch x 60 inch,"4.3(47,918)",Hot Deal
29,https://rukminim2.flixcart.com/image/612/612/xif0q/bed-mattress/s/p/b/-original-imagyywys9agqpvu.jpeg?q=70,Flipkart Perfect Homes ECOFIT 4 inch Single High Densit...,"₹4,615",52% off,"₹2,194",L x W: 78 inch x 30 inch,"3.6(1,423)",Lowest price in the year
30,https://rukminim2.flixcart.com/image/612/612/xif0q/bed-mattress/c/m/f/-original-imags7p6hvqgberz.jpeg?q=70,Flipkart Perfect Homes Dual Comfort Hard & Soft 4 inch ...,"₹7,359",33% off,"₹4,907",L x W: 75 inch x 48 inch,"4(1,737)",Hot Deal
31,https://rukminim2.flixcart.com/image/612/612/xif0q/bed-mattress/k/m/b/-original-imagyywydrzk5kew.jpeg?q=70,Flipkart Perfect Homes Euro Top Dual - Hard & Soft Sing...,"₹5,480",46% off,"₹2,959",L x W: 72 inch x 36 inch,3.7(267),Lowest price in the year
32,https://rukminim2.flixcart.com/image/612/612/xif0q/bed-mattress/o/y/g/normal-top-king-5-70-78-bookfold-orthopedic-high-density-folding-original-imah8mp29kpw93he.jpeg?q=70,Flipkart Perfect Homes Bookfold Orthopedic High Density...,"₹18,478",43% off,"₹10,408",L x W: 78 inch x 72 inch,"4.2(1,244)",Hot Deal
33,https://rukminim2.flixcart.com/image/612/612/xif0q/bed-mattress/z/o/u/normal-top-single-2-hr-folding-mattress-tri-fold-foldable-travel-original-imah9yshcyabtpvr.jpeg?q=70,MezzaNine HR Folding Mattress | Tri Fold Foldable | Tra...,"₹6,945",62% off,"₹2,625",L x W: 72 inch x 35 inch,2.3(4),Bank Offer
34,https://rukminim2.flixcart.com/image/612/612/xif0q/bed-mattress/z/w/f/normal-top-double-6-48-72-hybrid-3-layered-latex-orthopedic-5-original-imah4w83utgprhna.jpeg?q=70,SleepyCat Hybrid 3-Layered Latex Orthopedic 5-zone supp...,"₹14,999",20% off,"₹11,999",L x W: 75 inch x 48 inch,"4.3(3,500)",Hot Deal
35,https://rukminim2.flixcart.com/image/612/612/xif0q/bed-mattress/c/3/c/normal-top-double-8-48-72-ortho-curvx-comfortscience-foam-with-original-imahawrbbqngvtkk.jpeg?q=70,Livpure Smart ORTHO CURVX ComfortScience foam with SPIN...,"₹25,144",59% off,"₹10,069",L x W: 72 inch x 60 inch,"4.1(2,348)",Hot Deal
36,https://rukminim2.flixcart.com/image/612/612/xif0q/bed-mattress/q/z/s/normal-top-single-2-35-72-4-fold-cotton-cotton-morofeel-original-imah9wpnzhmy6s4c.jpeg?q=70,MOROFEEL 4 Fold 2 inch Single Cotton Mattress,"₹1,699",23% off,"₹1,299",L x W: 72 inch x 35 inch,3.5(661),Bank Offer
37,,,,,,,,
38,,,,,,,,
39,,,,,,,,
40,https://rukminim2.flixcart.com/image/612/612/xif0q/bed-mattress/j/n/t/-original-imagyywybsayskpe.jpeg?q=70,Flipkart Perfect Homes Sweet Dream Dual - Hard & Soft 4...,"₹5,143",40% off,"₹3,063",L x W: 72 inch x 48 inch,"3.9(2,251)",Hot Deal
41,https://rukminim2.flixcart.com/image/612/612/xif0q/bed-mattress/e/p/q/normal-top-queen-8-60-72-original-bodyiq-orthopedic-memory-high-original-imah9a2ggqqakz2u.jpeg?q=70,Sleepyhead Original - BodyIQ Orthopedic Memory 6 inch Q...,"₹17,599",41% off,"₹10,299",L x W: 75 inch x 60 inch,"4.3(47,918)",Hot Deal
42,https://rukminim2.flixcart.com/image/612/612/xif0q/bed-mattress/s/p/b/-original-imagyywys9agqpvu.jpeg?q=70,Flipkart Perfect Homes ECOFIT 4 inch Single High Densit...,"₹4,615",52% off,"₹2,194",L x W: 78 inch x 30 inch,"3.6(1,423)",Lowest price in the year
43,https://rukminim2.flixcart.com/image/612/612/xif0q/bed-mattress/c/m/f/-original-imags7p6hvqgberz.jpeg?q=70,Flipkart Perfect Homes Dual Comfort Hard & Soft 4 inch ...,"₹7,359",33% off,"₹4,907",L x W: 75 inch x 48 inch,"4(1,737)",Hot Deal
44,https://rukminim2.flixcart.com/image/612/612/xif0q/bed-mattress/k/m/b/-original-imagyywydrzk5kew.jpeg?q=70,Flipkart Perfect Homes Euro Top Dual - Hard & Soft Sing...,"₹5,480",46% off,"₹2,959",L x W: 72 inch x 36 inch,3.7(267),Lowest price in the year
45,https://rukminim2.flixcart.com/image/612/612/xif0q/bed-mattress/o/y/g/normal-top-king-5-70-78-bookfold-orthopedic-high-density-folding-original-imah8mp29kpw93he.jpeg?q=70,Flipkart Perfect Homes Bookfold Orthopedic High Density...,"₹18,478",43% off,"₹10,408",L x W: 78 inch x 72 inch,"4.2(1,244)",Hot Deal
46,https://rukminim2.flixcart.com/image/612/612/xif0q/bed-mattress/z/o/u/normal-top-single-2-hr-folding-mattress-tri-fold-foldable-travel-original-imah9yshcyabtpvr.jpeg?q=70,MezzaNine HR Folding Mattress | Tri Fold Foldable | Tra...,"₹6,945",62% off,"₹2,625",L x W: 72 inch x 35 inch,2.3(4),Bank Offer
47,https://rukminim2.flixcart.com/image/612/612/xif0q/bed-mattress/z/w/f/normal-top-double-6-48-72-hybrid-3-layered-latex-orthopedic-5-original-imah4w83utgprhna.jpeg?q=70,SleepyCat Hybrid 3-Layered Latex Orthopedic 5-zone supp...,"₹14,999",20% off,"₹11,999",L x W: 75 inch x 48 inch,"4.3(3,500)",Hot Deal
48,https://rukminim2.flixcart.com/image/612/612/xif0q/bed-mattress/c/3/c/normal-top-double-8-48-72-ortho-curvx-comfortscience-foam-with-original-imahawrbbqngvtkk.jpeg?q=70,Livpure Smart ORTHO CURVX ComfortScience foam with SPIN...,"₹25,144",59% off,"₹10,069",L x W: 72 inch x 60 inch,"4.1(2,348)",Hot Deal
49,https://rukminim2.flixcart.com/image/612/612/xif0q/bed-mattress/q/z/s/normal-top-single-2-35-72-4-fold-cotton-cotton-morofeel-original-imah9wpnzhmy6s4c.jpeg?q=70,MOROFEEL 4 Fold 2 inch Single Cotton Mattress,"₹1,699",23% off,"₹1,299",L x W: 72 inch x 35 inch,3.5(661),Bank Offer
50,,,,,,,,
51,,,,,,,,
52,,,,,,,,
53,https://rukminim2.flixcart.com/image/612/612/xif0q/bed-mattress/j/n/t/-original-imagyywybsayskpe.jpeg?q=70,Flipkart Perfect Homes Sweet Dream Dual - Hard & Soft 4...,"₹5,143",40% off,"₹3,063",L x W: 72 inch x 48 inch,"3.9(2,251)",Hot Deal
54,https://rukminim2.flixcart.com/image/612/612/xif0q/bed-mattress/e/p/q/normal-top-queen-8-60-72-original-bodyiq-orthopedic-memory-high-original-imah9a2ggqqakz2u.jpeg?q=70,Sleepyhead Original - BodyIQ Orthopedic Memory 6 inch Q...,"₹17,599",41% off,"₹10,299",L x W: 75 inch x 60 inch,"4.3(47,918)",Hot Deal
55,https://rukminim2.flixcart.com/image/612/612/xif0q/bed-mattress/s/p/b/-original-imagyywys9agqpvu.jpeg?q=70,Flipkart Perfect Homes ECOFIT 4 inch Single High Densit...,"₹4,615",52% off,"₹2,194",L x W: 78 inch x 30 inch,"3.6(1,423)",Lowest price in the year
56,https://rukminim2.flixcart.com/image/612/612/xif0q/bed-mattress/c/m/f/-original-imags7p6hvqgberz.jpeg?q=70,Flipkart Perfect Homes Dual Comfort Hard & Soft 4 inch ...,"₹7,359",33% off,"₹4,907",L x W: 75 inch x 48 inch,"4(1,737)",Hot Deal
57,https://rukminim2.flixcart.com/image/612/612/xif0q/bed-mattress/k/m/b/-original-imagyywydrzk5kew.jpeg?q=70,Flipkart Perfect Homes Euro Top Dual - Hard & Soft Sing...,"₹5,480",46% off,"₹2,959",L x W: 72 inch x 36 inch,3.7(267),Lowest price in the year
58,https://rukminim2.flixcart.com/image/612/612/xif0q/bed-mattress/o/y/g/normal-top-king-5-70-78-bookfold-orthopedic-high-density-folding-original-imah8mp29kpw93he.jpeg?q=70,Flipkart Perfect Homes Bookfold Orthopedic High Density...,"₹18,478",43% off,"₹10,408",L x W: 78 inch x 72 inch,"4.2(1,244)",Hot Deal
59,https://rukminim2.flixcart.com/image/612/612/xif0q/bed-mattress/z/o/u/normal-top-single-2-hr-folding-mattress-tri-fold-foldable-travel-original-imah9yshcyabtpvr.jpeg?q=70,MezzaNine HR Folding Mattress | Tri Fold Foldable | Tra...,"₹6,945",62% off,"₹2,625",L x W: 72 inch x 35 inch,2.3(4),Bank Offer
60,https://rukminim2.flixcart.com/image/612/612/xif0q/bed-mattress/z/w/f/normal-top-double-6-48-72-hybrid-3-layered-latex-orthopedic-5-original-imah4w83utgprhna.jpeg?q=70,SleepyCat Hybrid 3-Layered Latex Orthopedic 5-zone supp...,"₹14,999",20% off,"₹11,999",L x W: 75 inch x 48 inch,"4.3(3,500)",Hot Deal
61,https://rukminim2.flixcart.com/image/612/612/xif0q/bed-mattress/c/3/c/normal-top-double-8-48-72-ortho-curvx-comfortscience-foam-with-original-imahawrbbqngvtkk.jpeg?q=70,Livpure Smart ORTHO CURVX ComfortScience foam with SPIN...,"₹25,144",59% off,"₹10,069",L x W: 72 inch x 60 inch,"4.1(2,348)",Hot Deal
62,https://rukminim2.flixcart.com/image/612/612/xif0q/bed-mattress/q/z/s/normal-top-single-2-35-72-4-fold-cotton-cotton-morofeel-original-imah9wpnzhmy6s4c.jpeg?q=70,MOROFEEL 4 Fold 2 inch Single Cotton Mattress,"₹1,699",23% off,"₹1,299",L x W: 72 inch x 35 inch,3.5(661),Bank Offer
63,,,,,,,,
64,,,,,,,,
65,,,,,,,,
66,https://rukminim2.flixcart.com/image/612/612/xif0q/bed-mattress/j/n/t/-original-imagyywybsayskpe.jpeg?q=70,Flipkart Perfect Homes Sweet Dream Dual - Hard & Soft 4...,"₹5,143",40% off,"₹3,063",L x W: 72 inch x 48 inch,"3.9(2,251)",Hot Deal
67,https://rukminim2.flixcart.com/image/612/612/xif0q/bed-mattress/e/p/q/normal-top-queen-8-60-72-original-bodyiq-orthopedic-memory-high-original-imah9a2ggqqakz2u.jpeg?q=70,Sleepyhead Original - BodyIQ Orthopedic Memory 6 inch Q...,"₹17,599",41% off,"₹10,299",L x W: 75 inch x 60 inch,"4.3(47,918)",Hot Deal
68,https://rukminim2.flixcart.com/image/612/612/xif0q/bed-mattress/s/p/b/-original-imagyywys9agqpvu.jpeg?q=70,Flipkart Perfect Homes ECOFIT 4 inch Single High Densit...,"₹4,615",52% off,"₹2,194",L x W: 78 inch x 30 inch,"3.6(1,423)",Lowest price in the year
69,https://rukminim2.flixcart.com/image/612/612/xif0q/bed-mattress/c/m/f/-original-imags7p6hvqgberz.jpeg?q=70,Flipkart Perfect Homes Dual Comfort Hard & Soft 4 inch ...,"₹7,359",33% off,"₹4,907",L x W: 75 inch x 48 inch,"4(1,737)",Hot Deal
70,https://rukminim2.flixcart.com/image/612/612/xif0q/bed-mattress/k/m/b/-original-imagyywydrzk5kew.jpeg?q=70,Flipkart Perfect Homes Euro Top Dual - Hard & Soft Sing...,"₹5,480",46% off,"₹2,959",L x W: 72 inch x 36 inch,3.7(267),Lowest price in the year
71,https://rukminim2.flixcart.com/image/612/612/xif0q/bed-mattress/o/y/g/normal-top-king-5-70-78-bookfold-orthopedic-high-density-folding-original-imah8mp29kpw93he.jpeg?q=70,Flipkart Perfect Homes Bookfold Orthopedic High Density...,"₹18,478",43% off,"₹10,408",L x W: 78 inch x 72 inch,"4.2(1,244)",Hot Deal
72,https://rukminim2.flixcart.com/image/612/612/xif0q/bed-mattress/z/o/u/normal-top-single-2-hr-folding-mattress-tri-fold-foldable-travel-original-imah9yshcyabtpvr.jpeg?q=70,MezzaNine HR Folding Mattress | Tri Fold Foldable | Tra...,"₹6,945",62% off,"₹2,625",L x W: 72 inch x 35 inch,2.3(4),Bank Offer
73,https://rukminim2.flixcart.com/image/612/612/xif0q/bed-mattress/z/w/f/normal-top-double-6-48-72-hybrid-3-layered-latex-orthopedic-5-original-imah4w83utgprhna.jpeg?q=70,SleepyCat Hybrid 3-Layered Latex Orthopedic 5-zone supp...,"₹14,999",20% off,"₹11,999",L x W: 75 inch x 48 inch,"4.3(3,500)",Hot Deal
74,https://rukminim2.flixcart.com/image/612/612/xif0q/bed-mattress/c/3/c/normal-top-double-8-48-72-ortho-curvx-comfortscience-foam-with-original-imahawrbbqngvtkk.jpeg?q=70,Livpure Smart ORTHO CURVX ComfortScience foam with SPIN...,"₹25,144",59% off,"₹10,069",L x W: 72 inch x 60 inch,"4.1(2,348)",Hot Deal
75,https://rukminim2.flixcart.com/image/612/612/xif0q/bed-mattress/q/z/s/normal-top-single-2-35-72-4-fold-cotton-cotton-morofeel-original-imah9wpnzhmy6s4c.jpeg?q=70,MOROFEEL 4 Fold 2 inch Single Cotton Mattress,"₹1,699",23% off,"₹1,299",L x W: 72 inch x 35 inch,3.5(661),Bank Offer
76,,,,,,,,
77,,,,,,,,
78,,,,,,,,
79,https://rukminim2.flixcart.com/image/612/612/xif0q/bed-mattress/j/n/t/-original-imagyywybsayskpe.jpeg?q=70,Flipkart Perfect Homes Sweet Dream Dual - Hard & Soft 4...,"₹5,143",40% off,"₹3,063",L x W: 72 inch x 48 inch,"3.9(2,251)",Hot Deal
80,https://rukminim2.flixcart.com/image/612/612/xif0q/bed-mattress/e/p/q/normal-top-queen-8-60-72-original-bodyiq-orthopedic-memory-high-original-imah9a2ggqqakz2u.jpeg?q=70,Sleepyhead Original - BodyIQ Orthopedic Memory 6 inch Q...,"₹17,599",41% off,"₹10,299",L x W: 75 inch x 60 inch,"4.3(47,918)",Hot Deal
81,https://rukminim2.flixcart.com/image/612/612/xif0q/bed-mattress/s/p/b/-original-imagyywys9agqpvu.jpeg?q=70,Flipkart Perfect Homes ECOFIT 4 inch Single High Densit...,"₹4,615",52% off,"₹2,194",L x W: 78 inch x 30 inch,"3.6(1,423)",Lowest price in the year
82,https://rukminim2.flixcart.com/image/612/612/xif0q/bed-mattress/c/m/f/-original-imags7p6hvqgberz.jpeg?q=70,Flipkart Perfect Homes Dual Comfort Hard & Soft 4 inch ...,"₹7,359",33% off,"₹4,907",L x W: 75 inch x 48 inch,"4(1,737)",Hot Deal
83,https://rukminim2.flixcart.com/image/612/612/xif0q/bed-mattress/k/m/b/-original-imagyywydrzk5kew.jpeg?q=70,Flipkart Perfect Homes Euro Top Dual - Hard & Soft Sing...,"₹5,480",46% off,"₹2,959",L x W: 72 inch x 36 inch,3.7(267),Lowest price in the year
84,https://rukminim2.flixcart.com/image/612/612/xif0q/bed-mattress/o/y/g/normal-top-king-5-70-78-bookfold-orthopedic-high-density-folding-original-imah8mp29kpw93he.jpeg?q=70,Flipkart Perfect Homes Bookfold Orthopedic High Density...,"₹18,478",43% off,"₹10,408",L x W: 78 inch x 72 inch,"4.2(1,244)",Hot Deal
85,https://rukminim2.flixcart.com/image/612/612/xif0q/bed-mattress/z/o/u/normal-top-single-2-hr-folding-mattress-tri-fold-foldable-travel-original-imah9yshcyabtpvr.jpeg?q=70,MezzaNine HR Folding Mattress | Tri Fold Foldable | Tra...,"₹6,945",62% off,"₹2,625",L x W: 72 inch x 35 inch,2.3(4),Bank Offer
86,https://rukminim2.flixcart.com/image/612/612/xif0q/bed-mattress/z/w/f/normal-top-double-6-48-72-hybrid-3-layered-latex-orthopedic-5-original-imah4w83utgprhna.jpeg?q=70,SleepyCat Hybrid 3-Layered Latex Orthopedic 5-zone supp...,"₹14,999",20% off,"₹11,999",L x W: 75 inch x 48 inch,"4.3(3,500)",Hot Deal
87,https://rukminim2.flixcart.com/image/612/612/xif0q/bed-mattress/c/3/c/normal-top-double-8-48-72-ortho-curvx-comfortscience-foam-with-original-imahawrbbqngvtkk.jpeg?q=70,Livpure Smart ORTHO CURVX ComfortScience foam with SPIN...,"₹25,144",59% off,"₹10,069",L x W: 72 inch x 60 inch,"4.1(2,348)",Hot Deal
88,https://rukminim2.flixcart.com/image/612/612/xif0q/bed-mattress/q/z/s/normal-top-single-2-35-72-4-fold-cotton-cotton-morofeel-original-imah9wpnzhmy6s4c.jpeg?q=70,MOROFEEL 4 Fold 2 inch Single Cotton Mattress,"₹1,699",23% off,"₹1,299",L x W: 72 inch x 35 inch,3.5(661),Bank Offer
89,,,,,,,,
90,,,,,,,,
91,,,,,,,,
92,https://rukminim2.flixcart.com/image/612/612/xif0q/bed-mattress/j/n/t/-original-imagyywybsayskpe.jpeg?q=70,Flipkart Perfect Homes Sweet Dream Dual - Hard & Soft 4...,"₹5,143",40% off,"₹3,063",L x W: 72 inch x 48 inch,"3.9(2,251)",Hot Deal
93,https://rukminim2.flixcart.com/image/612/612/xif0q/bed-mattress/e/p/q/normal-top-queen-8-60-72-original-bodyiq-orthopedic-memory-high-original-imah9a2ggqqakz2u.jpeg?q=70,Sleepyhead Original - BodyIQ Orthopedic Memory 6 inch Q...,"₹17,599",41% off,"₹10,299",L x W: 75 inch x 60 inch,"4.3(47,918)",Hot Deal
94,https://rukminim2.flixcart.com/image/612/612/xif0q/bed-mattress/s/p/b/-original-imagyywys9agqpvu.jpeg?q=70,Flipkart Perfect Homes ECOFIT 4 inch Single High Densit...,"₹4,615",52% off,"₹2,194",L x W: 78 inch x 30 inch,"3.6(1,423)",Lowest price in the year
95,https://rukminim2.flixcart.com/image/612/612/xif0q/bed-mattress/c/m/f/-original-imags7p6hvqgberz.jpeg?q=70,Flipkart Perfect Homes Dual Comfort Hard & Soft 4 inch ...,"₹7,359",33% off,"₹4,907",L x W: 75 inch x 48 inch,"4(1,737)",Hot Deal
96,https://rukminim2.flixcart.com/image/612/612/xif0q/bed-mattress/k/m/b/-original-imagyywydrzk5kew.jpeg?q=70,Flipkart Perfect Homes Euro Top Dual - Hard & Soft Sing...,"₹5,480",46% off,"₹2,959",L x W: 72 inch x 36 inch,3.7(267),Lowest price in the year
97,https://rukminim2.flixcart.com/image/612/612/xif0q/bed-mattress/o/y/g/normal-top-king-5-70-78-bookfold-orthopedic-high-density-folding-original-imah8mp29kpw93he.jpeg?q=70,Flipkart Perfect Homes Bookfold Orthopedic High Density...,"₹18,478",43% off,"₹10,408",L x W: 78 inch x 72 inch,"4.2(1,244)",Hot Deal
98,https://rukminim2.flixcart.com/image/612/612/xif0q/bed-mattress/z/o/u/normal-top-single-2-hr-folding-mattress-tri-fold-foldable-travel-original-imah9yshcyabtpvr.jpeg?q=70,MezzaNine HR Folding Mattress | Tri Fold Foldable | Tra...,"₹6,945",62% off,"₹2,625",L x W: 72 inch x 35 inch,2.3(4),Bank Offer
99,https://rukminim2.flixcart.com/image/612/612/xif0q/bed-mattress/z/w/f/normal-top-double-6-48-72-hybrid-3-layered-latex-orthopedic-5-original-imah4w83utgprhna.jpeg?q=70,SleepyCat Hybrid 3-Layered Latex Orthopedic 5-zone supp...,"₹14,999",20% off,"₹11,999",L x W: 75 inch x 48 inch,"4.3(3,500)",Hot Deal
100,https://rukminim2.flixcart.com/image/612/612/xif0q/bed-mattress/c/3/c/normal-top-double-8-48-72-ortho-curvx-comfortscience-foam-with-original-imahawrbbqngvtkk.jpeg?q=70,Livpure Smart ORTHO CURVX ComfortScience foam with SPIN...,"₹25,144",59% off,"₹10,069",L x W: 72 inch x 60 inch,"4.1(2,348)",Hot Deal
101,https://rukminim2.flixcart.com/image/612/612/xif0q/bed-mattress/q/z/s/normal-top-single-2-35-72-4-fold-cotton-cotton-morofeel-original-imah9wpnzhmy6s4c.jpeg?q=70,MOROFEEL 4 Fold 2 inch Single Cotton Mattress,"₹1,699",23% off,"₹1,299",L x W: 72 inch x 35 inch,3.5(661),Bank Offer
102,,,,,,,,
103,,,,,,,,
104,,,,,,,,
105,https://rukminim2.flixcart.com/image/612/612/xif0q/bed-mattress/j/n/t/-original-imagyywybsayskpe.jpeg?q=70,Flipkart Perfect Homes Sweet Dream Dual - Hard & Soft 4...,"₹5,143",40% off,"₹3,063",L x W: 72 inch x 48 inch,"3.9(2,251)",Hot Deal
106,https://rukminim2.flixcart.com/image/612/612/xif0q/bed-mattress/e/p/q/normal-top-queen-8-60-72-original-bodyiq-orthopedic-memory-high-original-imah9a2ggqqakz2u.jpeg?q=70,Sleepyhead Original - BodyIQ Orthopedic Memory 6 inch Q...,"₹17,599",41% off,"₹10,299",L x W: 75 inch x 60 inch,"4.3(47,918)",Hot Deal
107,https://rukminim2.flixcart.com/image/612/612/xif0q/bed-mattress/s/p/b/-original-imagyywys9agqpvu.jpeg?q=70,Flipkart Perfect Homes ECOFIT 4 inch Single High Densit...,"₹4,615",52% off,"₹2,194",L x W: 78 inch x 30 inch,"3.6(1,423)",Lowest price in the year
108,https://rukminim2.flixcart.com/image/612/612/xif0q/bed-mattress/c/m/f/-original-imags7p6hvqgberz.jpeg?q=70,Flipkart Perfect Homes Dual Comfort Hard & Soft 4 inch ...,"₹7,359",33% off,"₹4,907",L x W: 75 inch x 48 inch,"4(1,737)",Hot Deal
109,https://rukminim2.flixcart.com/image/612/612/xif0q/bed-mattress/k/m/b/-original-imagyywydrzk5kew.jpeg?q=70,Flipkart Perfect Homes Euro Top Dual - Hard & Soft Sing...,"₹5,480",46% off,"₹2,959",L x W: 72 inch x 36 inch,3.7(267),Lowest price in the year
110,https://rukminim2.flixcart.com/image/612/612/xif0q/bed-mattress/o/y/g/normal-top-king-5-70-78-bookfold-orthopedic-high-density-folding-original-imah8mp29kpw93he.jpeg?q=70,Flipkart Perfect Homes Bookfold Orthopedic High Density...,"₹18,478",43% off,"₹10,408",L x W: 78 inch x 72 inch,"4.2(1,244)",Hot Deal
111,https://rukminim2.flixcart.com/image/612/612/xif0q/bed-mattress/z/o/u/normal-top-single-2-hr-folding-mattress-tri-fold-foldable-travel-original-imah9yshcyabtpvr.jpeg?q=70,MezzaNine HR Folding Mattress | Tri Fold Foldable | Tra...,"₹6,945",62% off,"₹2,625",L x W: 72 inch x 35 inch,2.3(4),Bank Offer
112,https://rukminim2.flixcart.com/image/612/612/xif0q/bed-mattress/z/w/f/normal-top-double-6-48-72-hybrid-3-layered-latex-orthopedic-5-original-imah4w83utgprhna.jpeg?q=70,SleepyCat Hybrid 3-Layered Latex Orthopedic 5-zone supp...,"₹14,999",20% off,"₹11,999",L x W: 75 inch x 48 inch,"4.3(3,500)",Hot Deal
113,https://rukminim2.flixcart.com/image/612/612/xif0q/bed-mattress/c/3/c/normal-top-double-8-48-72-ortho-curvx-comfortscience-foam-with-original-imahawrbbqngvtkk.jpeg?q=70,Livpure Smart ORTHO CURVX ComfortScience foam with SPIN...,"₹25,144",59% off,"₹10,069",L x W: 72 inch x 60 inch,"4.1(2,348)",Hot Deal
114,https://rukminim2.flixcart.com/image/612/612/xif0q/bed-mattress/q/z/s/normal-top-single-2-35-72-4-fold-cotton-cotton-morofeel-original-imah9wpnzhmy6s4c.jpeg?q=70,MOROFEEL 4 Fold 2 inch Single Cotton Mattress,"₹1,699",23% off,"₹1,299",L x W: 72 inch x 35 inch,3.5(661),Bank Offer
115,,,,,,,,
116,,,,,,,,
117,,,,,,,,
118,https://rukminim2.flixcart.com/image/612/612/xif0q/bed-mattress/j/n/t/-original-imagyywybsayskpe.jpeg?q=70,Flipkart Perfect Homes Sweet Dream Dual - Hard & Soft 4...,"₹5,143",40% off,"₹3,063",L x W: 72 inch x 48 inch,"3.9(2,251)",Hot Deal
119,https://rukminim2.flixcart.com/image/612/612/xif0q/bed-mattress/e/p/q/normal-top-queen-8-60-72-original-bodyiq-orthopedic-memory-high-original-imah9a2ggqqakz2u.jpeg?q=70,Sleepyhead Original - BodyIQ Orthopedic Memory 6 inch Q...,"₹17,599",41% off,"₹10,299",L x W: 75 inch x 60 inch,"4.3(47,918)",Hot Deal
120,https://rukminim2.flixcart.com/image/612/612/xif0q/bed-mattress/s/p/b/-original-imagyywys9agqpvu.jpeg?q=70,Flipkart Perfect Homes ECOFIT 4 inch Single High Densit...,"₹4,615",52% off,"₹2,194",L x W: 78 inch x 30 inch,"3.6(1,423)",Lowest price in the year
121,https://rukminim2.flixcart.com/image/612/612/xif0q/bed-mattress/c/m/f/-original-imags7p6hvqgberz.jpeg?q=70,Flipkart Perfect Homes Dual Comfort Hard & Soft 4 inch ...,"₹7,359",33% off,"₹4,907",L x W: 75 inch x 48 inch,"4(1,737)",Hot Deal
122,https://rukminim2.flixcart.com/image/612/612/xif0q/bed-mattress/k/m/b/-original-imagyywydrzk5kew.jpeg?q=70,Flipkart Perfect Homes Euro Top Dual - Hard & Soft Sing...,"₹5,480",46% off,"₹2,959",L x W: 72 inch x 36 inch,3.7(267),Lowest price in the year
123,https://rukminim2.flixcart.com/image/612/612/xif0q/bed-mattress/o/y/g/normal-top-king-5-70-78-bookfold-orthopedic-high-density-folding-original-imah8mp29kpw93he.jpeg?q=70,Flipkart Perfect Homes Bookfold Orthopedic High Density...,"₹18,478",43% off,"₹10,408",L x W: 78 inch x 72 inch,"4.2(1,244)",Hot Deal
124,https://rukminim2.flixcart.com/image/612/612/xif0q/bed-mattress/z/o/u/normal-top-single-2-hr-folding-mattress-tri-fold-foldable-travel-original-imah9yshcyabtpvr.jpeg?q=70,MezzaNine HR Folding Mattress | Tri Fold Foldable | Tra...,"₹6,945",62% off,"₹2,625",L x W: 72 inch x 35 inch,2.3(4),Bank Offer
125,https://rukminim2.flixcart.com/image/612/612/xif0q/bed-mattress/z/w/f/normal-top-double-6-48-72-hybrid-3-layered-latex-orthopedic-5-original-imah4w83utgprhna.jpeg?q=70,SleepyCat Hybrid 3-Layered Latex Orthopedic 5-zone supp...,"₹14,999",20% off,"₹11,999",L x W: 75 inch x 48 inch,"4.3(3,500)",Hot Deal
126,https://rukminim2.flixcart.com/image/612/612/xif0q/bed-mattress/c/3/c/normal-top-double-8-48-72-ortho-curvx-comfortscience-foam-with-original-imahawrbbqngvtkk.jpeg?q=70,Livpure Smart ORTHO CURVX ComfortScience foam with SPIN...,"₹25,144",59% off,"₹10,069",L x W: 72 inch x 60 inch,"4.1(2,348)",Hot Deal
127,https://rukminim2.flixcart.com/image/612/612/xif0q/bed-mattress/q/z/s/normal-top-single-2-35-72-4-fold-cotton-cotton-morofeel-original-imah9wpnzhmy6s4c.jpeg?q=70,MOROFEEL 4 Fold 2 inch Single Cotton Mattress,"₹1,699",23% off,"₹1,299",L x W: 72 inch x 35 inch,3.5(661),Bank Offer
128,,,,,,,,
129,,,,,,,,
130,,,,,,,,
131,https://rukminim2.flixcart.com/image/612/612/xif0q/bed-mattress/j/n/t/-original-imagyywybsayskpe.jpeg?q=70,Flipkart Perfect Homes Sweet Dream Dual - Hard & Soft 4...,"₹5,143",40% off,"₹3,063",L x W: 72 inch x 48 inch,"3.9(2,251)",Hot Deal
132,https://rukminim2.flixcart.com/image/612/612/xif0q/bed-mattress/e/p/q/normal-top-queen-8-60-72-original-bodyiq-orthopedic-memory-high-original-imah9a2ggqqakz2u.jpeg?q=70,Sleepyhead Original - BodyIQ Orthopedic Memory 6 inch Q...,"₹17,599",41% off,"₹10,299",L x W: 75 inch x 60 inch,"4.3(47,918)",Hot Deal
133,https://rukminim2.flixcart.com/image/612/612/xif0q/bed-mattress/s/p/b/-original-imagyywys9agqpvu.jpeg?q=70,Flipkart Perfect Homes ECOFIT 4 inch Single High Densit...,"₹4,615",52% off,"₹2,194",L x W: 78 inch x 30 inch,"3.6(1,423)",Lowest price in the year
134,https://rukminim2.flixcart.com/image/612/612/xif0q/bed-mattress/c/m/f/-original-imags7p6hvqgberz.jpeg?q=70,Flipkart Perfect Homes Dual Comfort Hard & Soft 4 inch ...,"₹7,359",33% off,"₹4,907",L x W: 75 inch x 48 inch,"4(1,737)",Hot Deal
135,https://rukminim2.flixcart.com/image/612/612/xif0q/bed-mattress/k/m/b/-original-imagyywydrzk5kew.jpeg?q=70,Flipkart Perfect Homes Euro Top Dual - Hard & Soft Sing...,"₹5,480",46% off,"₹2,959",L x W: 72 inch x 36 inch,3.7(267),Lowest price in the year
136,https://rukminim2.flixcart.com/image/612/612/xif0q/bed-mattress/o/y/g/normal-top-king-5-70-78-bookfold-orthopedic-high-density-folding-original-imah8mp29kpw93he.jpeg?q=70,Flipkart Perfect Homes Bookfold Orthopedic High Density...,"₹18,478",43% off,"₹10,408",L x W: 78 inch x 72 inch,"4.2(1,244)",Hot Deal
137,https://rukminim2.flixcart.com/image/612/612/xif0q/bed-mattress/z/o/u/normal-top-single-2-hr-folding-mattress-tri-fold-foldable-travel-original-imah9yshcyabtpvr.jpeg?q=70,MezzaNine HR Folding Mattress | Tri Fold Foldable | Tra...,"₹6,945",62% off,"₹2,625",L x W: 72 inch x 35 inch,2.3(4),Bank Offer
138,https://rukminim2.flixcart.com/image/612/612/xif0q/bed-mattress/z/w/f/normal-top-double-6-48-72-hybrid-3-layered-latex-orthopedic-5-original-imah4w83utgprhna.jpeg?q=70,SleepyCat Hybrid 3-Layered Latex Orthopedic 5-zone supp...,"₹14,999",20% off,"₹11,999",L x W: 75 inch x 48 inch,"4.3(3,500)",Hot Deal
139,https://rukminim2.flixcart.com/image/612/612/xif0q/bed-mattress/c/3/c/normal-top-double-8-48-72-ortho-curvx-comfortscience-foam-with-original-imahawrbbqngvtkk.jpeg?q=70,Livpure Smart ORTHO CURVX ComfortScience foam with SPIN...,"₹25,144",59% off,"₹10,069",L x W: 72 inch x 60 inch,"4.1(2,348)",Hot Deal
140,https://rukminim2.flixcart.com/image/612/612/xif0q/bed-mattress/q/z/s/normal-top-single-2-35-72-4-fold-cotton-cotton-morofeel-original-imah9wpnzhmy6s4c.jpeg?q=70,MOROFEEL 4 Fold 2 inch Single Cotton Mattress,"₹1,699",23% off,"₹1,299",L x W: 72 inch x 35 inch,3.5(661),Bank Offer
141,,,,,,,,
142,,,,,,,,
143,,,,,,,,
144,https://rukminim2.flixcart.com/image/612/612/xif0q/bed-mattress/j/n/t/-original-imagyywybsayskpe.jpeg?q=70,Flipkart Perfect Homes Sweet Dream Dual - Hard & Soft 4...,"₹5,143",40% off,"₹3,063",L x W: 72 inch x 48 inch,"3.9(2,251)",Hot Deal
145,https://rukminim2.flixcart.com/image/612/612/xif0q/bed-mattress/e/p/q/normal-top-queen-8-60-72-original-bodyiq-orthopedic-memory-high-original-imah9a2ggqqakz2u.jpeg?q=70,Sleepyhead Original - BodyIQ Orthopedic Memory 6 inch Q...,"₹17,599",41% off,"₹10,299",L x W: 75 inch x 60 inch,"4.3(47,918)",Hot Deal
146,https://rukminim2.flixcart.com/image/612/612/xif0q/bed-mattress/s/p/b/-original-imagyywys9agqpvu.jpeg?q=70,Flipkart Perfect Homes ECOFIT 4 inch Single High Densit...,"₹4,615",52% off,"₹2,194",L x W: 78 inch x 30 inch,"3.6(1,423)",Lowest price in the year
147,https://rukminim2.flixcart.com/image/612/612/xif0q/bed-mattress/c/m/f/-original-imags7p6hvqgberz.jpeg?q=70,Flipkart Perfect Homes Dual Comfort Hard & Soft 4 inch ...,"₹7,359",33% off,"₹4,907",L x W: 75 inch x 48 inch,"4(1,737)",Hot Deal
148,https://rukminim2.flixcart.com/image/612/612/xif0q/bed-mattress/k/m/b/-original-imagyywydrzk5kew.jpeg?q=70,Flipkart Perfect Homes Euro Top Dual - Hard & Soft Sing...,"₹5,480",46% off,"₹2,959",L x W: 72 inch x 36 inch,3.7(267),Lowest price in the year
149,https://rukminim2.flixcart.com/image/612/612/xif0q/bed-mattress/o/y/g/normal-top-king-5-70-78-bookfold-orthopedic-high-density-folding-original-imah8mp29kpw93he.jpeg?q=70,Flipkart Perfect Homes Bookfold Orthopedic High Density...,"₹18,478",43% off,"₹10,408",L x W: 78 inch x 72 inch,"4.2(1,244)",Hot Deal
150,https://rukminim2.flixcart.com/image/612/612/xif0q/bed-mattress/z/o/u/normal-top-single-2-hr-folding-mattress-tri-fold-foldable-travel-original-imah9yshcyabtpvr.jpeg?q=70,MezzaNine HR Folding Mattress | Tri Fold Foldable | Tra...,"₹6,945",62% off,"₹2,625",L x W: 72 inch x 35 inch,2.3(4),Bank Offer
151,https://rukminim2.flixcart.com/image/612/612/xif0q/bed-mattress/z/w/f/normal-top-double-6-48-72-hybrid-3-layered-latex-orthopedic-5-original-imah4w83utgprhna.jpeg?q=70,SleepyCat Hybrid 3-Layered Latex Orthopedic 5-zone supp...,"₹14,999",20% off,"₹11,999",L x W: 75 inch x 48 inch,"4.3(3,500)",Hot Deal
152,https://rukminim2.flixcart.com/image/612/612/xif0q/bed-mattress/c/3/c/normal-top-double-8-48-72-ortho-curvx-comfortscience-foam-with-original-imahawrbbqngvtkk.jpeg?q=70,Livpure Smart ORTHO CURVX ComfortScience foam with SPIN...,"₹25,144",59% off,"₹10,069",L x W: 72 inch x 60 inch,"4.1(2,348)",Hot Deal
153,https://rukminim2.flixcart.com/image/612/612/xif0q/bed-mattress/q/z/s/normal-top-single-2-35-72-4-fold-cotton-cotton-morofeel-original-imah9wpnzhmy6s4c.jpeg?q=70,MOROFEEL 4 Fold 2 inch Single Cotton Mattress,"₹1,699",23% off,"₹1,299",L x W: 72 inch x 35 inch,3.5(661),Bank Offer
154,,,,,,,,
155,,,,,,,,
156,,,,,,,,
157,https://rukminim2.flixcart.com/image/612/612/xif0q/bed-mattress/j/n/t/-original-imagyywybsayskpe.jpeg?q=70,Flipkart Perfect Homes Sweet Dream Dual - Hard & Soft 4...,"₹5,143",40% off,"₹3,063",L x W: 72 inch x 48 inch,"3.9(2,251)",Hot Deal
158,https://rukminim2.flixcart.com/image/612/612/xif0q/bed-mattress/e/p/q/normal-top-queen-8-60-72-original-bodyiq-orthopedic-memory-high-original-imah9a2ggqqakz2u.jpeg?q=70,Sleepyhead Original - BodyIQ Orthopedic Memory 6 inch Q...,"₹17,599",41% off,"₹10,299",L x W: 75 inch x 60 inch,"4.3(47,918)",Hot Deal
159,https://rukminim2.flixcart.com/image/612/612/xif0q/bed-mattress/s/p/b/-original-imagyywys9agqpvu.jpeg?q=70,Flipkart Perfect Homes ECOFIT 4 inch Single High Densit...,"₹4,615",52% off,"₹2,194",L x W: 78 inch x 30 inch,"3.6(1,423)",Lowest price in the year
160,https://rukminim2.flixcart.com/image/612/612/xif0q/bed-mattress/c/m/f/-original-imags7p6hvqgberz.jpeg?q=70,Flipkart Perfect Homes Dual Comfort Hard & Soft 4 inch ...,"₹7,359",33% off,"₹4,907",L x W: 75 inch x 48 inch,"4(1,737)",Hot Deal
161,https://rukminim2.flixcart.com/image/612/612/xif0q/bed-mattress/k/m/b/-original-imagyywydrzk5kew.jpeg?q=70,Flipkart Perfect Homes Euro Top Dual - Hard & Soft Sing...,"₹5,480",46% off,"₹2,959",L x W: 72 inch x 36 inch,3.7(267),Lowest price in the year
162,https://rukminim2.flixcart.com/image/612/612/xif0q/bed-mattress/o/y/g/normal-top-king-5-70-78-bookfold-orthopedic-high-density-folding-original-imah8mp29kpw93he.jpeg?q=70,Flipkart Perfect Homes Bookfold Orthopedic High Density...,"₹18,478",43% off,"₹10,408",L x W: 78 inch x 72 inch,"4.2(1,244)",Hot Deal
163,https://rukminim2.flixcart.com/image/612/612/xif0q/bed-mattress/z/o/u/normal-top-single-2-hr-folding-mattress-tri-fold-foldable-travel-original-imah9yshcyabtpvr.jpeg?q=70,MezzaNine HR Folding Mattress | Tri Fold Foldable | Tra...,"₹6,945",62% off,"₹2,625",L x W: 72 inch x 35 inch,2.3(4),Bank Offer
164,https://rukminim2.flixcart.com/image/612/612/xif0q/bed-mattress/z/w/f/normal-top-double-6-48-72-hybrid-3-layered-latex-orthopedic-5-original-imah4w83utgprhna.jpeg?q=70,SleepyCat Hybrid 3-Layered Latex Orthopedic 5-zone supp...,"₹14,999",20% off,"₹11,999",L x W: 75 inch x 48 inch,"4.3(3,500)",Hot Deal
165,https://rukminim2.flixcart.com/image/612/612/xif0q/bed-mattress/c/3/c/normal-top-double-8-48-72-ortho-curvx-comfortscience-foam-with-original-imahawrbbqngvtkk.jpeg?q=70,Livpure Smart ORTHO CURVX ComfortScience foam with SPIN...,"₹25,144",59% off,"₹10,069",L x W: 72 inch x 60 inch,"4.1(2,348)",Hot Deal
166,https://rukminim2.flixcart.com/image/612/612/xif0q/bed-mattress/q/z/s/normal-top-single-2-35-72-4-fold-cotton-cotton-morofeel-original-imah9wpnzhmy6s4c.jpeg?q=70,MOROFEEL 4 Fold 2 inch Single Cotton Mattress,"₹1,699",23% off,"₹1,299",L x W: 72 inch x 35 inch,3.5(661),Bank Offer
167,,,,,,,,
168,,,,,,,,
169,,,,,,,,
170,https://rukminim2.flixcart.com/image/612/612/xif0q/bed-mattress/j/n/t/-original-imagyywybsayskpe.jpeg?q=70,Flipkart Perfect Homes Sweet Dream Dual - Hard & Soft 4...,"₹5,143",40% off,"₹3,063",L x W: 72 inch x 48 inch,"3.9(2,251)",Hot Deal
171,https://rukminim2.flixcart.com/image/612/612/xif0q/bed-mattress/e/p/q/normal-top-queen-8-60-72-original-bodyiq-orthopedic-memory-high-original-imah9a2ggqqakz2u.jpeg?q=70,Sleepyhead Original - BodyIQ Orthopedic Memory 6 inch Q...,"₹17,599",41% off,"₹10,299",L x W: 75 inch x 60 inch,"4.3(47,918)",Hot Deal
172,https://rukminim2.flixcart.com/image/612/612/xif0q/bed-mattress/s/p/b/-original-imagyywys9agqpvu.jpeg?q=70,Flipkart Perfect Homes ECOFIT 4 inch Single High Densit...,"₹4,615",52% off,"₹2,194",L x W: 78 inch x 30 inch,"3.6(1,423)",Lowest price in the year
173,https://rukminim2.flixcart.com/image/612/612/xif0q/bed-mattress/c/m/f/-original-imags7p6hvqgberz.jpeg?q=70,Flipkart Perfect Homes Dual Comfort Hard & Soft 4 inch ...,"₹7,359",33% off,"₹4,907",L x W: 75 inch x 48 inch,"4(1,737)",Hot Deal
174,https://rukminim2.flixcart.com/image/612/612/xif0q/bed-mattress/k/m/b/-original-imagyywydrzk5kew.jpeg?q=70,Flipkart Perfect Homes Euro Top Dual - Hard & Soft Sing...,"₹5,480",46% off,"₹2,959",L x W: 72 inch x 36 inch,3.7(267),Lowest price in the year
175,https://rukminim2.flixcart.com/image/612/612/xif0q/bed-mattress/o/y/g/normal-top-king-5-70-78-bookfold-orthopedic-high-density-folding-original-imah8mp29kpw93he.jpeg?q=70,Flipkart Perfect Homes Bookfold Orthopedic High Density...,"₹18,478",43% off,"₹10,408",L x W: 78 inch x 72 inch,"4.2(1,244)",Hot Deal
176,https://rukminim2.flixcart.com/image/612/612/xif0q/bed-mattress/z/o/u/normal-top-single-2-hr-folding-mattress-tri-fold-foldable-travel-original-imah9yshcyabtpvr.jpeg?q=70,MezzaNine HR Folding Mattress | Tri Fold Foldable | Tra...,"₹6,945",62% off,"₹2,625",L x W: 72 inch x 35 inch,2.3(4),Bank Offer
177,https://rukminim2.flixcart.com/image/612/612/xif0q/bed-mattress/z/w/f/normal-top-double-6-48-72-hybrid-3-layered-latex-orthopedic-5-original-imah4w83utgprhna.jpeg?q=70,SleepyCat Hybrid 3-Layered Latex Orthopedic 5-zone supp...,"₹14,999",20% off,"₹11,999",L x W: 75 inch x 48 inch,"4.3(3,500)",Hot Deal
178,https://rukminim2.flixcart.com/image/612/612/xif0q/bed-mattress/c/3/c/normal-top-double-8-48-72-ortho-curvx-comfortscience-foam-with-original-imahawrbbqngvtkk.jpeg?q=70,Livpure Smart ORTHO CURVX ComfortScience foam with SPIN...,"₹25,144",59% off,"₹10,069",L x W: 72 inch x 60 inch,"4.1(2,348)",Hot Deal
179,https://rukminim2.flixcart.com/image/612/612/xif0q/bed-mattress/q/z/s/normal-top-single-2-35-72-4-fold-cotton-cotton-morofeel-original-imah9wpnzhmy6s4c.jpeg?q=70,MOROFEEL 4 Fold 2 inch Single Cotton Mattress,"₹1,699",23% off,"₹1,299",L x W: 72 inch x 35 inch,3.5(661),Bank Offer
180,,,,,,,,
181,,,,,,,,
182,,,,,,,,
183,https://rukminim2.flixcart.com/image/612/612/xif0q/bed-mattress/j/n/t/-original-imagyywybsayskpe.jpeg?q=70,Flipkart Perfect Homes Sweet Dream Dual - Hard & Soft 4...,"₹5,143",40% off,"₹3,063",L x W: 72 inch x 48 inch,"3.9(2,251)",Hot Deal
184,https://rukminim2.flixcart.com/image/612/612/xif0q/bed-mattress/e/p/q/normal-top-queen-8-60-72-original-bodyiq-orthopedic-memory-high-original-imah9a2ggqqakz2u.jpeg?q=70,Sleepyhead Original - BodyIQ Orthopedic Memory 6 inch Q...,"₹17,599",41% off,"₹10,299",L x W: 75 inch x 60 inch,"4.3(47,918)",Hot Deal
185,https://rukminim2.flixcart.com/image/612/612/xif0q/bed-mattress/s/p/b/-original-imagyywys9agqpvu.jpeg?q=70,Flipkart Perfect Homes ECOFIT 4 inch Single High Densit...,"₹4,615",52% off,"₹2,194",L x W: 78 inch x 30 inch,"3.6(1,423)",Lowest price in the year
186,https://rukminim2.flixcart.com/image/612/612/xif0q/bed-mattress/c/m/f/-original-imags7p6hvqgberz.jpeg?q=70,Flipkart Perfect Homes Dual Comfort Hard & Soft 4 inch ...,"₹7,359",33% off,"₹4,907",L x W: 75 inch x 48 inch,"4(1,737)",Hot Deal
187,https://rukminim2.flixcart.com/image/612/612/xif0q/bed-mattress/k/m/b/-original-imagyywydrzk5kew.jpeg?q=70,Flipkart Perfect Homes Euro Top Dual - Hard & Soft Sing...,"₹5,480",46% off,"₹2,959",L x W: 72 inch x 36 inch,3.7(267),Lowest price in the year
188,https://rukminim2.flixcart.com/image/612/612/xif0q/bed-mattress/o/y/g/normal-top-king-5-70-78-bookfold-orthopedic-high-density-folding-original-imah8mp29kpw93he.jpeg?q=70,Flipkart Perfect Homes Bookfold Orthopedic High Density...,"₹18,478",43% off,"₹10,408",L x W: 78 inch x 72 inch,"4.2(1,244)",Hot Deal
189,https://rukminim2.flixcart.com/image/612/612/xif0q/bed-mattress/z/o/u/normal-top-single-2-hr-folding-mattress-tri-fold-foldable-travel-original-imah9yshcyabtpvr.jpeg?q=70,MezzaNine HR Folding Mattress | Tri Fold Foldable | Tra...,"₹6,945",62% off,"₹2,625",L x W: 72 inch x 35 inch,2.3(4),Bank Offer
190,https://rukminim2.flixcart.com/image/612/612/xif0q/bed-mattress/z/w/f/normal-top-double-6-48-72-hybrid-3-layered-latex-orthopedic-5-original-imah4w83utgprhna.jpeg?q=70,SleepyCat Hybrid 3-Layered Latex Orthopedic 5-zone supp...,"₹14,999",20% off,"₹11,999",L x W: 75 inch x 48 inch,"4.3(3,500)",Hot Deal
191,https://rukminim2.flixcart.com/image/612/612/xif0q/bed-mattress/c/3/c/normal-top-double-8-48-72-ortho-curvx-comfortscience-foam-with-original-imahawrbbqngvtkk.jpeg?q=70,Livpure Smart ORTHO CURVX ComfortScience foam with SPIN...,"₹25,144",59% off,"₹10,069",L x W: 72 inch x 60 inch,"4.1(2,348)",Hot Deal
192,https://rukminim2.flixcart.com/image/612/612/xif0q/bed-mattress/q/z/s/normal-top-single-2-35-72-4-fold-cotton-cotton-morofeel-original-imah9wpnzhmy6s4c.jpeg?q=70,MOROFEEL 4 Fold 2 inch Single Cotton Mattress,"₹1,699",23% off,"₹1,299",L x W: 72 inch x 35 inch,3.5(661),Bank Offer
193,,,,,,,,
194,,,,,,,,
